id;uuid;name;label;description;created_at
1;2a584a26-ab66-4d94-8f02-43285fece97f;inasmuch;极;thyme chap 搜;2024-11-17T14:20:44
2;d5678120-ff95-456e-a30a-2e37f4209eff;whoa 软;behind 拔 绿;pile ack;2024-11-17T04:39:45
3;f31458f4-d163-4c1d-948e-1bf420bdcc16;平常 抽 boo;likewise pish;though hence;2024-11-17T23:10:52
4;998d8ec6-9de4-483e-ba4a-85f190cb126d;even zowie;as;拉;2024-11-17T21:10:48
5;5d7dc9aa-c378-4ffc-9814-ba2ae9c5502a;拿;populist 红 as;画 why;2024-11-17T23:15:55
6;3fb77f78-9cff-4add-b113-c1733d61f1dc;马虎;zowie since 雪白;逐步;2024-11-17T14:23:09
7;9b950825-3724-42b2-9a1b-4e59bac7b97e;SUV phew;一齐 er;whenever;2024-11-17T14:55:28
8;badf7215-dd17-4cb0-9299-1c80c534a3c4;retrospectivity 短 生动;minus via;as;2024-11-18T03:07:24
9;88780faa-ac28-4e3a-a7de-e4202b118f4d;血淋淋 聪明;beside but;dime 生动 熟练;2024-11-17T12:19:15
10;0eb28700-b5cc-4e93-bcec-be5d77f1558a;abaft 许多;the 血淋淋;坚固 inside;2024-11-17T05:10:50
